{"last_tab":"1","block-title":"Superior Quality","block-content":"Proactively envisioned multimedia based expertise and cross-media growth strategies. Seamlessly visualize quality intellectual capital without superior collaboration and idea-sharing. Holistically pontificate installed base portals after maintainable products without collateral.","first-block-title":"Unleash","first-background-image":{"background-color":"","background-repeat":"","background-size":"","background-attachment":"","background-position":"","background-image":"http:\/\/localhost\/WordPress-1\/wp-content\/uploads\/2019\/10\/mung_beans.jpg","media":{"id":"65","height":"469","width":"700","thumbnail":"http:\/\/localhost\/WordPress-1\/wp-content\/uploads\/2019\/10\/mung_beans-150x150.jpg"}},"second-block-title":"Synergize","second-background-image":{"background-color":"","background-repeat":"","background-size":"","background-attachment":"","background-position":"","background-image":"http:\/\/localhost\/WordPress-1\/wp-content\/uploads\/2019\/10\/coffee_beans_1.jpg","media":{"id":"67","height":"467","width":"700","thumbnail":"http:\/\/localhost\/WordPress-1\/wp-content\/uploads\/2019\/10\/coffee_beans_1-150x150.jpg"}},"third-block-title":"Procrastinate","third-background-image":{"background-color":"","background-repeat":"","background-size":"","background-attachment":"","background-position":"","background-image":"http:\/\/localhost\/WordPress-1\/wp-content\/uploads\/2019\/10\/grapes.jpg","media":{"id":"69","height":"465","width":"700","thumbnail":"http:\/\/localhost\/WordPress-1\/wp-content\/uploads\/2019\/10\/grapes-150x150.jpg"}},"title":"Unparalleled Service","content":"Proactively envisioned multimedia based expertise and cross-media growth strategies. Seamlessly visualize quality intellectual capital without superior collaboration and idea-sharing. Holistically pontificate installed base portals after maintainable products without collateral.","upload-image":{"url":"http:\/\/localhost\/WordPress-1\/wp-content\/themes\/businessnineteen\/images\/service.jpg","id":"","height":"","width":"","thumbnail":"","title":"","caption":"","alt":"","description":""},"google-map":"<iframe src=\"https:\/\/www.google.com\/maps\/embed?pb=!1m18!1m12!1m3!1d3651.793507400612!2d90.3735771143848!3d23.754741884587208!2m3!1f0!2f0!3f0!3m2!1i1024!2i768!4f13.1!3m3!1m2!1s0x3755b8acc2e64543%3A0x4090bd99804df70!2z4Kaq4KeN4Kay4Ka-4Kac4Ka-IOCmjy7gpobgprA!5e0!3m2!1sbn!2sbd!4v1573209572421!5m2!1sbn!2sbd\" width=\"1350\" height=\"300\" frameborder=\"0\" style=\"border:0;\" allowfullscreen=\"\"><\/iframe>","address":"31 Spooner Street, Quahog, Rhode Island","phone":" +1(23) 456 7890","email":"info@example.com","redux-backup":"1"}